<?xml version="1.0" encoding="UTF-8"?>
<install type="module" version="1.5.0" client="site" method="upgrade">

    <name>Tweets Module</name>
    <author>Jeremy Wilken</author>
    <creationDate>January 2009</creationDate>
    <license>GNU GPL v.2</license>
    <authorEmail>gnomation@gnomeontherun.com</authorEmail>
    <authorUrl>http://www.gnomeontherun.com</authorUrl>
    <version>2.0</version>
    <description>A simple twitter module for Joomla, lets you style how you it should be displayed.</description>

    <files>
        <filename>mod_tweets.xml</filename>
        <filename module="mod_tweets">mod_tweets.php</filename>
        <filename>helper.php</filename>
        <filename>index.html</filename>
        <folder>tmpl</folder>
    </files>

    <languages>
        <language tag="en-GB">language/en-GB.mod_tweets.ini</language>
	<language tag="de-DE">language/de-DE.mod_tweets.ini</language>
        <language tag="nl-NL">language/nl-NL.mod_tweets.ini</language>
    </languages>

	<params>
		<param name="type" type="list" label="MOD_TWEETS_TYPE" default="user" description="MOD_TWEETS_TYPE_DESC">
			<option value="user">MOD_TWEETS_TYPE_USER</option>
			<option value="search">MOD_TWEETS_TYPE_SEARCH</option>
		</param>
		<param name="user" type="text" label="MOD_TWEETS_USERNAME" default="gnomeontherun" description="MOD_TWEETS_USERNAME_DESC" />
		<param name="query" type="text" label="MOD_TWEETS_QUERY" default="joomla" description="MOD_TWEETS_QUERY_DESC" />
		<param name="quantity" type="text" default="3" size="5" label="MOD_TWEETS_NUMBER" description="MOD_TWEETS_NUMBER_DESC" />
		<param name="cachetime" type="text" default="30" size="5" label="MOD_TWEETS_CACHE" description="MOD_TWEETS_CACHE_DESC" />
		<param name="date" type="list" default="ago" label="MOD_TWEETS_DATE" description="MOD_TWEETS_DATE_DESC">
			<option value="ago">MOD_TWEETS_DATE_AGO</option>
			<option value="time">MOD_TWEETS_DATE_TIME</option>
		</param>
		<param name="linktype" type="list" default="blank" label="MOD_TWEETS_LINK" description="MOD_TWEETS_LINK_DESC">
			<option value="blank">MOD_TWEETS_LINK_NEW</option>
			<option value="self">MOD_TWEETS_LINK_SAME</option>
		</param>
		<param name="format" type="text" label="MOD_TWEETS_FORMAT" default="d m y H\:m" description="MOD_TWEETS_FORMAT_DESC" />
		<param name="beforetext" type="textarea" filter="raw" label="MOD_TWEETS_BEFORE" description="MOD_TWEETS_BEFORE_DESC" />
		<param name="aftertext" type="textarea" filter="raw" label="MOD_TWEETS_AFTER" description="MOD_TWEETS_AFTER_DESC" />
		<param name="moduleclass_sfx" type="text" default="" label="Module Class Suffix" description="PARAMMODULECLASSSUFFIX" />
	</params>
	
    <config>
        <fields name="params">
            <fieldset name="basic">
				<field name="type" type="list" label="MOD_TWEETS_TYPE" default="user" description="MOD_TWEETS_TYPE_DESC">
					<option value="user">MOD_TWEETS_TYPE_USER</option>
					<option value="search">MOD_TWEETS_TYPE_SEARCH</option>
				</field>
                <field name="user" type="text" label="MOD_TWEETS_USERNAME" default="gnomeontherun" description="MOD_TWEETS_USERNAME_DESC" />
				<field name="query" type="text" label="MOD_TWEETS_QUERY" default="joomla" description="MOD_TWEETS_QUERY_DESC" />
                <field name="quantity" type="text" default="3" size="5" label="MOD_TWEETS_NUMBER" description="MOD_TWEETS_NUMBER_DESC" />
                <field name="cachetime" type="text" default="30" size="5" label="MOD_TWEETS_CACHE" description="MOD_TWEETS_CACHE_DESC" />
                <field name="date" type="list" default="ago" label="MOD_TWEETS_DATE" description="MOD_TWEETS_DATE_DESC">
                    <option value="ago">MOD_TWEETS_DATE_AGO</option>
                    <option value="time">MOD_TWEETS_DATE_TIME</option>
                </field>
                <field name="linktype" type="list" default="blank" label="MOD_TWEETS_LINK" description="MOD_TWEETS_LINK_DESC">
                    <option value="blank">MOD_TWEETS_LINK_NEW</option>
                    <option value="self">MOD_TWEETS_LINK_SAME</option>
                </field>
                <field name="format" type="text" label="MOD_TWEETS_FORMAT" default="d m y H\:m" description="MOD_TWEETS_FORMAT_DESC" />
                <field name="beforetext" type="textarea" filter="raw" label="MOD_TWEETS_BEFORE" description="MOD_TWEETS_BEFORE_DESC" />
                <field name="aftertext" type="textarea" filter="raw" label="MOD_TWEETS_AFTER" description="MOD_TWEETS_AFTER_DESC" />
                <field name="moduleclass_sfx" type="text" label="COM_MODULES_FIELD_MODULECLASS_SFX_LABEL" description="COM_MODULES_FIELD_MODULECLASS_SFX_DESC" />
            </fieldset>
        </fields>
    </config>

</install>